x,y,t
0,1,0
1,1,0
1,0,0
0,0,0
0.05,0,0
0.1,0,0
0.15,0,0
0.2,0,0
0.25,0,0
0.3,0,0
0.35,0,0
0.4,0,0
0.45,0,0
0.5,0,0
0.55,0,0
0.6,0,0
0.65,0,0
0.7,0,0
0.75,0,0
0.8,0,0
0.85,0,0
0.9,0,0
0.95,0,0
0,0.95,0
0,0.9,0
0,0.85,0
0,0.8,0
0,0.75,0
0,0.7,0
0,0.65,0
0,0.6,0
0,0.55,0
0,0.5,0
0,0.45,0
0,0.4,0
0,0.35,0
0,0.3,0
0,0.25,0
0,0.2,0
0,0.15,0
0,0.1,0
0,0.05,0
0.95,1,0
0.9,1,0
0.85,1,0
0.8,1,0
0.75,1,0
0.7,1,0
0.65,1,0
0.6,1,0
0.55,1,0
0.5,1,0
0.45,1,0
0.4,1,0
0.35,1,0
0.3,1,0
0.25,1,0
0.2,1,0
0.15,1,0
0.1,1,0
0.05,1,0
1,0.05,0
1,0.1,0
1,0.15,0
1,0.2,0
1,0.25,0
1,0.3,0
1,0.35,0
1,0.4,0
1,0.45,0
1,0.5,0
1,0.55,0
1,0.6,0
1,0.65,0
1,0.7,0
1,0.75,0
1,0.8,0
1,0.85,0
1,0.9,0
1,0.95,0
0.0742405709994848,0.0400691120025269,0
0.12080290322965,0.044946960980621,0
0.173565387906761,0.0435576223043226,0
0.225,0.0433012701892219,0
0.275,0.043301270189222,0
0.325,0.043301270189222,0
0.375,0.043301270189222,0
0.425,0.0433012701892219,0
0.475,0.0433012701892219,0
0.525,0.0433012701892219,0
0.575,0.0433012701892218,0
0.625,0.0433012701892219,0
0.675,0.0433012701892219,0
0.725,0.0433012701892218,0
0.775,0.0433012701892219,0
0.826477624006976,0.043662514341595,0
0.879635792079054,0.0456255202728791,0
0.924170144306977,0.0392401696820914,0
0.959887705981926,0.0747277750582963,0
0.954156844845378,0.12147462649625,0
0.955393719014031,0.17403989464284,0.521648408972353
0.956698729810778,0.225,0.521648408972353
0.956698729810778,0.275,0.521648408972353
0.956698729810778,0.325,0.521648408972353
0.956698729810778,0.375,0.521648408972353
0.956698729810778,0.425,0.521648408972353
0.956698729810778,0.475,0.521648408972353
0.956698729810778,0.525,0.521648408972353
0.956698729810778,0.575,0.521648408972353
0.956698729810778,0.625,0.521648408972353
0.956698729810778,0.675,0.521648408972353
0.956698729810778,0.725,0.521648408972353
0.956698729810778,0.775,0.521648408972353
0.955905199958649,0.828404289633401,0.521648408972353
0.953981161602507,0.880662359681061,0.521648408972353
0.959930887997473,0.925759429000515,0.521648408972353
0.924170144306977,0.960759830317909,0.521648408972353
0.8771447623775,0.955063551454819,0.521648408972353
0.825703605292,0.955303565695228,0.521648408972353
0.775494445325818,0.955245689742383,0.521648408972353
0.725,0.956698729810778,0.521648408972353
0.675,0.956698729810778,0.521648408972353
0.625,0.956698729810778,0.521648408972353
0.575,0.956698729810778,0.521648408972353
0.525,0.956698729810778,0.521648408972353
0.475,0.956698729810778,0.521648408972353
0.425,0.956698729810778,0.521648408972353
0.375,0.956698729810778,0.521648408972353
0.325,0.956698729810778,0.521648408972353
0.275,0.956698729810778,0.521648408972353
0.225,0.956698729810778,0.521648408972353
0.171595710366599,0.955905199958649,0.521648408972353
0.119337640318939,0.953981161602506,0.521648408972353
0.0742405709994849,0.959930887997473,0.521648408972353
0.0392401696820914,0.924170144306977,0.521648408972353
0.0449364485451814,0.8771447623775,0.521648408972353
0.0446964343047719,0.825703605292,0.521648408972353
0.0447543102576164,0.775494445325817,0.521648408972353
0.043301270189222,0.725,0.521648408972353
0.043301270189222,0.675,0.521648408972353
0.0433012701892218,0.625,0.521648408972353
0.0433012701892218,0.575,0.521648408972353
0.043301270189222,0.525,0.521648408972353
0.0433012701892219,0.475,0.521648408972353
0.043301270189222,0.425,0.521648408972353
0.043301270189222,0.375,0.521648408972353
0.043301270189222,0.325,0.521648408972353
0.0433012701892218,0.275,0.521648408972353
0.045285110525742,0.224402811493005,0.521648408972353
0.0449821335720054,0.174035019859816,0.521648408972353
0.0457143363364261,0.122512552736974,0.521648408972353
0.0392401696820913,0.0758298556930227,0.521648408972353
0.965849364905389,0.034150635094611,0.521648408972353
0.032787790583702,0.0331560671530488,0.521648408972353
0.966843932846951,0.967212209416298,0.521648408972353
0.032787790583702,0.966843932846951,0.521648408972353
0.146153402185239,0.0862106172672057,0.521648408972353
0.198542153458877,0.0867276017374513,0.521648408972353
0.25,0.0866025403784439,0.521648408972353
0.3,0.0866025403784439,0.521648408972353
0.35,0.0866025403784439,0.521648408972353
0.4,0.0866025403784438,0.521648408972353
0.45,0.0866025403784438,0.521648408972353
0.5,0.0866025403784439,0.521648408972353
0.55,0.0866025403784438,0.521648408972353
0.6,0.0866025403784437,0.521648408972353
0.65,0.0866025403784438,0.521648408972353
0.7,0.0866025403784437,0.521648408972353
0.75,0.0866025403784437,0.521648408972353
0.801513562826021,0.0867401358816366,0.521648408972353
0.853388137155022,0.0864733622981811,0.521648408972353
0.911888751668636,0.148622262570219,0.521648408972353
0.90964528135917,0.199260108501772,0.521648408972353
0.912775181913459,0.250369186289853,0.521648408972353
0.913397459621556,0.3,0.521648408972353
0.913397459621556,0.35,0.521648408972353
0.913397459621556,0.4,0.521648408972353
0.913397459621556,0.45,0.521648408972353
0.913397459621556,0.5,0.521648408972353
0.913397459621556,0.55,0.521648408972353
0.913397459621556,0.6,0.521648408972353
0.913397459621556,0.65,0.521648408972353
0.913397459621556,0.7,0.521648408972353
0.913397459621556,0.75,0.521648408972353
0.913253031781959,0.801752858114554,0.521648408972353
0.913526637701819,0.853388137155022,0.521648408972353
0.851163946548783,0.911672868664133,0.521648408972353
0.80049795383822,0.909731205953602,0.521648408972353
0.749593877998137,0.912543849678122,0.521648408972353
0.7,0.913397459621556,0.521648408972353
0.65,0.913397459621556,0.521648408972353
0.6,0.913397459621556,0.521648408972353
0.55,0.913397459621556,0.521648408972353
0.5,0.913397459621556,0.521648408972353
0.45,0.913397459621556,0.521648408972353
0.4,0.913397459621556,0.521648408972353
0.35,0.913397459621556,0.521648408972353
0.3,0.913397459621556,0.521648408972353
0.25,0.913397459621556,0.521648408972353
0.19825063911508,0.913247901479362,0.521648408972353
0.146611862844978,0.913526637701819,1.04329681794471
0.0883271313358668,0.851163946548783,1.04329681794471
0.0902687940463976,0.800497953838219,1.04329681794471
0.0874688151473706,0.749580815357916,1.04329681794471
0.0866025403784439,0.7,1.04329681794471
0.0866025403784439,0.65,1.04329681794471
0.0866025403784436,0.6,1.04329681794471
0.0866025403784438,0.55,1.04329681794471
0.0866025403784439,0.5,1.04329681794471
0.0866025403784438,0.45,1.04329681794471
0.086602540378444,0.4,1.04329681794471
0.086602540378444,0.35,1.04329681794471
0.0866025403784438,0.3,1.04329681794471
0.0875919996635452,0.249968454688647,1.04329681794471
0.0905458728826177,0.198858413366083,1.04329681794471
0.0888328548265496,0.148350331995679,1.04329681794471
0.907273404972294,0.909423015701544,1.04329681794471
0.0904651271559415,0.0919750508910134,1.04329681794471
0.0905769842984556,0.907273404972294,1.04329681794471
0.908976868285625,0.0922282415127961,1.04329681794471
0.173210042869045,0.130946713187751,1.04329681794471
0.223932555723938,0.129594344963161,1.04329681794471
0.27430764782472,0.129644475808812,1.04329681794471
0.325,0.129903810567666,1.04329681794471
0.375,0.129903810567666,1.04329681794471
0.425,0.129903810567666,1.04329681794471
0.475,0.129903810567666,1.04329681794471
0.525,0.129903810567666,1.04329681794471
0.575,0.129903810567665,1.04329681794471
0.625,0.129903810567666,1.04329681794471
0.675,0.129903810567666,1.04329681794471
0.725,0.129903810567666,1.04329681794471
0.776535748990173,0.129571292931964,1.04329681794471
0.827462013803517,0.130762215976848,1.04329681794471
0.862496366470798,0.173805288794484,1.04329681794471
0.869597298187652,0.227745398765506,1.04329681794471
0.869217031169496,0.275924040766387,1.04329681794471
0.870096189432334,0.325,1.04329681794471
0.870096189432334,0.375,1.04329681794471
0.870096189432334,0.425,1.04329681794471
0.870096189432334,0.475,1.04329681794471
0.870096189432334,0.525,1.04329681794471
0.870096189432334,0.575,1.04329681794471
0.870096189432334,0.625,1.04329681794471
0.870096189432334,0.675,1.04329681794471
0.870096189432335,0.725,1.04329681794471
0.870428707068036,0.776535748990173,1.04329681794471
0.869237784023152,0.827462013803517,1.04329681794471
0.826194711205516,0.862496366470798,1.04329681794471
0.772254601234495,0.869597298187652,1.04329681794471
0.724075959233613,0.869217031169496,1.04329681794471
0.675,0.870096189432334,1.04329681794471
0.625,0.870096189432334,1.04329681794471
0.575,0.870096189432334,1.04329681794471
0.525,0.870096189432334,1.04329681794471
0.475,0.870096189432334,1.04329681794471
0.425,0.870096189432334,1.04329681794471
0.375,0.870096189432334,1.04329681794471
0.325,0.870096189432334,1.04329681794471
0.275,0.870096189432334,1.04329681794471
0.223481691300061,0.870404236459858,1.04329681794471
0.172537986196483,0.869237784023152,1.04329681794471
0.137503633529201,0.826194711205515,1.04329681794471
0.130402701812348,0.772254601234492,1.04329681794471
0.130836576077836,0.724000980640507,1.04329681794471
0.129903810567666,0.675,1.04329681794471
0.129903810567666,0.625,1.04329681794471
0.129903810567666,0.575,1.04329681794471
0.129903810567666,0.525,1.04329681794471
0.129903810567666,0.475,1.04329681794471
0.129903810567666,0.425,1.04329681794471
0.129903810567666,0.375,1.04329681794471
0.129903810567666,0.325,1.04329681794471
0.130775074091689,0.275663605756464,1.04329681794471
0.130497677727343,0.2268788705705,1.04329681794471
0.138046770884644,0.173148629975833,1.04329681794471
0.127692834607053,0.12667402575112,1.04329681794471
0.872756967238903,0.127243032761097,1.04329681794471
0.127243032761097,0.872756967238903,1.04329681794471
0.872756967238903,0.872756967238903,1.04329681794471
0.247708303073828,0.172844684376716,1.04329681794471
0.299222579913999,0.172062649505456,1.04329681794471
0.35,0.173205080756888,1.04329681794471
0.4,0.173205080756888,1.04329681794471
0.45,0.173205080756888,1.04329681794471
0.5,0.173205080756888,1.04329681794471
0.55,0.173205080756888,1.04329681794471
0.600941148126247,0.17475410165392,1.04329681794471
0.650624256382267,0.17426478193862,1.04329681794471
0.700964780577937,0.173510683116665,1.04329681794471
0.753133678587106,0.173177699899609,1.04329681794471
0.823303864813304,0.252641478650664,1.04329681794471
0.825416950638266,0.300392162956066,1.04329681794471
0.825765768170252,0.349600943806555,1.04329681794471
0.824909645816194,0.398693100051032,1.04329681794471
0.826794919243112,0.45,1.04329681794471
0.826794919243112,0.5,1.04329681794471
0.826794919243112,0.550000000000001,1.04329681794471
0.82524589834608,0.600941148126248,1.04329681794471
0.82573521806138,0.650624256382267,1.04329681794471
0.826489316883335,0.700964780577937,1.56494522691706
0.826822300100391,0.753133678587106,1.56494522691706
0.747358521349336,0.823303864813304,1.56494522691706
0.699607837043935,0.825416950638266,1.56494522691706
0.650399056193446,0.825765768170252,1.56494522691706
0.601306899948969,0.824909645816194,1.56494522691706
0.55,0.826794919243112,1.56494522691706
0.5,0.826794919243112,1.56494522691706
0.45,0.826794919243112,1.56494522691706
0.399059438012552,0.825225346924785,1.56494522691706
0.349346603840238,0.825757415688028,1.56494522691706
0.299054590561051,0.826410742881627,1.56494522691706
0.246933564477986,0.826658613536279,1.56494522691706
0.176696135186696,0.747358521349336,1.56494522691706
0.174805648221504,0.699145242033318,1.56494522691706
0.174279845192153,0.650279582378078,1.56494522691706
0.174929781281714,0.601077987431706,1.56494522691706
0.173205080756888,0.550000000000001,1.56494522691706
0.173205080756888,0.5,1.56494522691706
0.173205080756888,0.45,1.56494522691706
0.174808208233513,0.399007178723047,1.56494522691706
0.174334193836016,0.34935337288354,1.56494522691706
0.173806866830677,0.30026857263045,1.56494522691706
0.176251385799408,0.252131526526411,1.56494522691706
0.194298574572567,0.169838687638539,1.56494522691706
0.193964412582462,0.830375864788631,1.56494522691706
0.806035587417538,0.169624135211368,1.56494522691706
0.830375864788631,0.806035587417538,1.56494522691706
0.220518528431788,0.219969075422884,1.56494522691706
0.275089977853432,0.212659393040007,1.56494522691706
0.32413926758016,0.217917059734527,1.56494522691706
0.372923249407551,0.21984031049118,1.56494522691706
0.425,0.21650635094611,1.56494522691706
0.475,0.21650635094611,1.56494522691706
0.525000000000001,0.21650635094611,1.56494522691706
0.575777935719012,0.217370524416906,1.56494522691706
0.626907745454391,0.219397462120566,1.56494522691706
0.676449622820996,0.218343452742274,1.56494522691706
0.725482100091676,0.215940447583745,1.56494522691706
0.78013370692125,0.220120027421961,1.56494522691706
0.784022139646209,0.273629642127711,1.56494522691706
0.781949357085914,0.323990406345793,1.56494522691706
0.779927508279922,0.372058462464104,1.56494522691706
0.782398992640981,0.423976743029257,1.56494522691706
0.78349364905389,0.475,1.56494522691706
0.78349364905389,0.525000000000001,1.56494522691706
0.782629475583094,0.575777935719012,1.56494522691706
0.780602537879435,0.626907745454391,1.56494522691706
0.781656547257726,0.676449622820996,1.56494522691706
0.784059552416255,0.725482100091676,1.56494522691706
0.779879972578041,0.78013370692125,1.56494522691706
0.726370357872293,0.784022139646209,1.56494522691706
0.676009593654208,0.781949357085914,1.56494522691706
0.627941537535897,0.779927508279921,1.56494522691706
0.576023256970743,0.782398992640981,1.56494522691706
0.525,0.78349364905389,1.56494522691706
0.475,0.78349364905389,1.56494522691706
0.424220666000311,0.782545292801385,1.56494522691706
0.373051076124321,0.780639699309404,1.56494522691706
0.323349392102341,0.781781953789364,1.56494522691706
0.275,0.783493649053891,1.56494522691706
0.219866293078749,0.779879972578034,1.56494522691706
0.215977860353788,0.726370357872279,1.56494522691706
0.218194122146616,0.676291842549549,1.56494522691706
0.219761492758931,0.627394808419007,1.56494522691706
0.217557837519193,0.575840100318362,1.56494522691706
0.21650635094611,0.525,1.56494522691706
0.21650635094611,0.475,1.56494522691706
0.217408794671746,0.424226559336395,1.56494522691706
0.219452686963644,0.372900378369095,1.56494522691706
0.218229848378723,0.323148835911486,1.56494522691706
0.216506350946109,0.275,1.56494522691706
0.171864517897898,0.209001547779326,1.56494522691706
0.171485625649599,0.79090386584642,1.56494522691706
0.8285143743504,0.209096134153579,1.56494522691706
0.790903865846422,0.8285143743504,1.56494522691706
0.345991728246271,0.265216114872639,1.56494522691706
0.398976500632898,0.261605583825601,1.56494522691706
0.45,0.259807621135331,1.56494522691706
0.499974315491875,0.260707026036875,1.56494522691706
0.550262471023956,0.260622135413536,1.56494522691706
0.60195368742253,0.262105362353799,1.56494522691706
0.654811028030498,0.26602093434328,1.56494522691706
0.739548320247887,0.298268397835978,1.56494522691706
0.734416430365473,0.34527509682673,1.56494522691706
0.737530203293649,0.397837223059499,1.56494522691706
0.740192378864669,0.45,1.56494522691706
0.740192378864668,0.5,1.56494522691706
0.740192378864669,0.550000000000002,1.56494522691706
0.737894637646202,0.60195368742253,1.56494522691706
0.733979065656721,0.654811028030497,1.56494522691706
0.701731602164022,0.739548320247887,1.56494522691706
0.654724903173271,0.734416430365472,1.56494522691706
0.602162776940501,0.737530203293649,1.56494522691706
0.55,0.740192378864668,1.56494522691706
0.5,0.740192378864668,1.56494522691706
0.449651835337838,0.73910766086138,1.56494522691706
0.398284325740421,0.737377146571381,1.56494522691706
0.344959062887283,0.734139954135637,1.56494522691706
0.260451679752113,0.701731602164021,1.56494522691706
0.265154697026979,0.65476982281171,2.08659363588941
0.26269326528745,0.601394051897184,2.08659363588941
0.259807621135332,0.550000000000002,2.08659363588941
0.259807621135332,0.5,2.08659363588941
0.261413874750415,0.449693060807037,2.08659363588941
0.262377029837085,0.398451469151968,2.08659363588941
0.265931688764851,0.344400241955282,2.08659363588941
0.263033664997071,0.295896859588187,2.08659363588941
0.737986259014013,0.702864170629023,2.08659363588941
0.702864170629023,0.262013740985987,2.08659363588941
0.3,0.259807621135332,2.08659363588941
0.296861498265585,0.737474102393526,2.08659363588941
0.745312266989329,0.745093071030917,2.08659363588941
0.745093071030917,0.254687733010671,2.08659363588941
0.255202764729233,0.252588632482005,2.08659363588941
0.254906928969082,0.745312266989329,2.08659363588941
0.373785224278854,0.307615986029472,2.08659363588941
0.427005897906046,0.305974916177959,2.08659363588941
0.47562393104757,0.305636940213619,2.08659363588941
0.523930776973281,0.30519000438506,2.08659363588941
0.575000000000001,0.303108891324552,2.08659363588941
0.629096647823069,0.308199999085608,2.08659363588941
0.692086325817429,0.371908554265327,2.08659363588941
0.696047991157053,0.4243895243675,2.08659363588941
0.695948817781848,0.474373671567675,2.08659363588941
0.695635236092739,0.523770274231261,2.08659363588941
0.696891108675448,0.575000000000001,2.08659363588941
0.691800000914393,0.629096647823069,2.08659363588941
0.628091445734673,0.692086325817429,2.08659363588941
0.575610475632499,0.696047991157053,2.08659363588941
0.525,0.696891108675447,2.08659363588941
0.475276699823631,0.695792166976904,2.08659363588941
0.425687238352266,0.694679375932888,2.08659363588941
0.371664387039665,0.690907058342855,2.08659363588941
0.307624169822291,0.626444917966344,2.08659363588941
0.305755775505446,0.572967969026001,2.08659363588941
0.305233819202483,0.524030963548708,2.08659363588941
0.305668322420489,0.475173044896855,2.08659363588941
0.306941358761794,0.425870001071237,2.08659363588941
0.308104540712778,0.373491451809964,2.08659363588941
0.316609240536193,0.314608341481928,2.08659363588941
0.68509480013656,0.68574854769679,2.08659363588941
0.685748547696791,0.314905199863441,2.08659363588941
0.315112053961263,0.684615324144313,2.08659363588941
0.40509007485627,0.346924417617538,2.08659363588941
0.452079491432718,0.351023267511283,2.08659363588941
0.500552056904336,0.35229352912703,2.08659363588941
0.547521610516148,0.347771893024254,2.08659363588941
0.596227244783008,0.346065237380925,2.08659363588941
0.653289674894287,0.402213337294015,2.08659363588941
0.652106997961247,0.449822597970398,2.08659363588941
0.651004206200852,0.498150328453497,2.08659363588941
0.652593469065022,0.547703304921841,2.08659363588941
0.653934762619074,0.596227244783008,2.08659363588941
0.597786662705985,0.653289674894287,2.08659363588941
0.54975847854523,0.652047586775095,2.08659363588941
0.500227135012745,0.651037694478397,2.08659363588941
0.450482928321202,0.651624888287027,2.08659363588941
0.403865063150162,0.650087252094562,2.08659363588941
0.346924417617538,0.594909925143731,2.08659363588941
0.351065617456028,0.546878272204518,2.08659363588941
0.351749526999597,0.499513002199497,2.08659363588941
0.351684382924656,0.451811823330326,2.08659363588941
0.35252031864564,0.406597637909527,2.08659363588941
0.353467965187239,0.644308982187419,2.08659363588941
0.646309300595121,0.352367066134674,2.08659363588941
0.647632933865326,0.646309300595121,2.08659363588941
0.355625891656348,0.355427023444131,2.08659363588941
0.474962305844021,0.400863970051876,2.08659363588941
0.525988724168984,0.395796319551623,2.08659363588941
0.604961181388947,0.471355202016458,2.08659363588941
0.606744069869784,0.523627668424062,2.08659363588941
0.527267506945153,0.604962687416309,2.08659363588941
0.473899811311782,0.603863809258579,2.08659363588941
0.40057530119863,0.524444463081204,2.08659363588941
0.399541634185255,0.474801756903727,2.08659363588941
0.60924481813619,0.424911242762242,2.08659363588941
0.575171483450096,0.609323494743009,2.08659363588941
0.426704099346729,0.604806298995863,2.08659363588941
0.399854566045406,0.427190763883026,2.08659363588941
0.38553834935256,0.611536336219191,2.08659363588941
0.616792471739015,0.615751065958442,2.08659363588941
0.615751065958442,0.383207528260984,2.08659363588941
0.388472214664777,0.385524784789568,2.08659363588941
0.501021834946902,0.438860799688208,2.08659363588941
0.566987298107774,0.5,2.08659363588941
0.5,0.566987298107781,2.08659363588941
0.437580186207446,0.501464190027148,2.08659363588941
0.55771369066594,0.442319682349625,2.08659363588941
0.557920614365775,0.553771823988419,2.08659363588941
0.445282372558266,0.445411040081838,2.08659363588941
0.444060614261629,0.556390733329615,2.08659363588941
0.526266879440083,0.476697785458966,2.08659363588941
0.519814516134671,0.519412868073866,2.08659363588941
0.476756340626362,0.525947040645958,2.08659363588941
0.481705484640084,0.481742683794214,2.08659363588941
0.391728375759267,0.568307337519753,2.08659363588941
0.431619120322883,0.391752652138509,2.08659363588941
0.57041450178069,0.389973599702314,2.08659363588941
0.610026400297685,0.570414501780691,2.08659363588941
0.978349364905389,0.2125,2.60824204486176
0.956046224412404,0.19951994732142,2.60824204486176
0.977696859507015,0.18701994732142,2.60824204486176
0.3375,0.064951905283833,2.60824204486176
0.325,0.0866025403784439,2.60824204486176
0.3125,0.064951905283833,2.60824204486176
0,0.375,2.60824204486176
0.021650635094611,0.3625,2.60824204486176
0.021650635094611,0.3875,2.60824204486176
1,0.425,2.60824204486176
0.978349364905389,0.4375,2.60824204486176
0.978349364905389,0.4125,2.60824204486176
0.375,1,2.60824204486176
0.3625,0.978349364905389,2.60824204486176
0.3875,0.978349364905389,2.60824204486176
0,0.475,2.60824204486176
0.021650635094611,0.4625,2.60824204486176
0.021650635094611,0.4875,2.60824204486176
0.425,0,2.60824204486176
0.4375,0.0216506350946109,2.60824204486176
0.4125,0.0216506350946109,2.60824204486176
0.956698729810778,0.6,2.60824204486176
0.935048094716167,0.6125,2.60824204486176
0.935048094716167,0.5875,2.60824204486176
1,0.825,2.60824204486176
0.977952599979325,0.8392021448167,2.60824204486176
0.977952599979325,0.8142021448167,2.60824204486176
0.0228571681682131,0.111256276368487,2.60824204486176
0.0196200848410457,0.0879149278465114,2.60824204486176
0.0424772530092587,0.0991712042149981,2.60824204486176
0,0.125,2.60824204486176
0.0228571681682131,0.136256276368487,2.60824204486176
0.525,0,2.60824204486176
0.5375,0.021650635094611,2.60824204486176
0.5125,0.021650635094611,2.60824204486176
0.975,0,2.60824204486176
0.982924682452694,0.0170753175473055,2.60824204486176
0.957924682452694,0.0170753175473055,2.60824204486176
0.7375,0.108253175473055,2.60824204486176
0.763267874495086,0.108086916655204,2.60824204486176
0.750767874495086,0.129737551749815,2.60824204486176
0.725,0,2.60824204486176
0.7375,0.0216506350946109,2.60824204486176
0.7125,0.0216506350946109,2.60824204486176
0.901902968193016,0.0424328449774853,2.60824204486176
0.916573506296301,0.0657342055974438,2.60824204486176
0.89430633018234,0.0689268808928376,2.60824204486176
0.875,0,2.60824204486176
0.889817896039527,0.0228127601364396,2.60824204486176
0.864817896039527,0.0228127601364396,2.60824204486176
0.853056708043015,0.0446440173072371,2.60824204486176
0.866511964617038,0.0660494412855301,2.60824204486176
0.839932880580999,0.0650679383198881,2.60824204486176
1,0.225,2.60824204486176
0.978349364905389,0.2375,2.60824204486176
0.9325195001866,0.186650001572306,2.60824204486176
0.910767016513903,0.173941185535996,2.60824204486176
0.933641235341333,0.16133107860653,2.60824204486176
0.978349364905389,0.3125,2.60824204486176
0.956698729810778,0.3,2.60824204486176
0.978349364905389,0.2875,2.60824204486176
0.838238812003488,0.0218312571707975,2.60824204486176
0.813238812003488,0.0218312571707975,2.60824204486176
0.800738812003488,0.0434818922654084,2.60824204486176
0.7875,0.0216506350946109,2.60824204486176
1,0.325,2.60824204486176
0.978349364905389,0.3375,2.60824204486176
1,0.525,2.60824204486176
0.978349364905389,0.5375,2.60824204486176
0.978349364905389,0.5125,2.60824204486176
1,0.375,2.60824204486176
0.978349364905389,0.3875,2.60824204486176
0.978349364905389,0.3625,2.60824204486176
0.956698729810778,0.35,2.60824204486176
0.978349364905389,0.4625,2.60824204486176
0.956698729810778,0.45,2.60824204486176
1,0.475,2.60824204486176
0.978349364905389,0.4875,2.60824204486176
0.978349364905389,0.6125,2.60824204486176
0.978349364905389,0.5875,2.60824204486176
0.935048094716167,0.7625,2.60824204486176
0.934975880796368,0.788376429057277,2.60824204486176
0.913325245701758,0.775876429057277,2.60824204486176
0.575,0.913397459621556,2.60824204486176
0.5625,0.891746824526945,2.60824204486176
0.5875,0.891746824526945,2.60824204486176
0.976990580801253,0.89033117984053,2.60824204486176
0.979965443998737,0.912879714500257,2.60824204486176
0.95695602479999,0.903210894340788,2.60824204486176
0.925,1,2.60824204486176
0.912085072153489,0.980379915158954,2.60824204486176
0.937085072153489,0.980379915158954,2.60824204486176
0.775,1,2.60824204486176
0.762747222662909,0.977622844871192,2.60824204486176
0.787747222662909,0.977622844871192,2.60824204486176
0.6,0.956698729810778,2.60824204486176
0.5875,0.935048094716167,2.60824204486176
0.6125,0.935048094716167,2.60824204486176
1,0.775,2.60824204486176
0.978349364905389,0.7875,2.60824204486176
0.978349364905389,0.7625,3.12989045383412
0.825,1,3.12989045383412
0.812851802646,0.977651782847614,3.12989045383412
0.837851802646,0.977651782847614,3.12989045383412
0.956698729810778,0.4,3.12989045383412
0.935048094716167,0.7375,3.12989045383412
0.913397459621556,0.725,3.12989045383412
0.935048094716167,0.7125,3.12989045383412
0.625,1,3.12989045383412
0.6125,0.978349364905389,3.12989045383412
0.6375,0.978349364905389,3.12989045383412
0.4875,0.978349364905389,3.12989045383412
0.5,0.956698729810778,3.12989045383412
0.5125,0.978349364905389,3.12989045383412
0.725,1,3.12989045383412
0.7125,0.978349364905389,3.12989045383412
0.7375,0.978349364905389,3.12989045383412
0.956698729810778,0.5,3.12989045383412
0.475,1,3.12989045383412
0.4625,0.978349364905389,3.12989045383412
0.525,1,3.12989045383412
0.5375,0.978349364905389,3.12989045383412
0.0870356777629073,0.724790407678958,3.12989045383412
0.10871955822814,0.712000490320253,3.12989045383412
0.109152695612604,0.736790897999211,3.12989045383412
0.0360139801328967,0.945507038576964,3.12989045383412
0.0567403703407882,0.942050516152225,3.12989045383412
0.0535141807915935,0.963387410422212,3.12989045383412
0.1982978551833,0.956301964884714,3.12989045383412
0.18492317474084,0.934576550719005,3.12989045383412
0.21162531955754,0.93497331564507,3.12989045383412
0.175,1,3.12989045383412
0.1607978551833,0.977952599979325,3.12989045383412
0.185797855183299,0.977952599979325,3.12989045383412
0.0888688045968841,0.775039384598067,3.12989045383412
0.108935758479859,0.760917708296204,3.12989045383412
0.110335747929373,0.786376277536356,3.12989045383412
0,0.925,3.12989045383412
0.0196200848410457,0.912085072153489,3.12989045383412
0.0196200848410457,0.937085072153489,3.12989045383412
0.134668820159469,0.976990580801253,3.12989045383412
0.145466675342769,0.954943180780578,3.12989045383412
0.0216506350946109,0.5875,3.12989045383412
0.0433012701892218,0.6,3.12989045383412
0.0216506350946109,0.6125,3.12989045383412
0.225,1,3.12989045383412
0.2125,0.978349364905389,3.12989045383412
0.2375,0.978349364905389,3.12989045383412
0.25,0.956698729810778,3.12989045383412
0.2625,0.978349364905389,3.12989045383412
0.375,0.913397459621556,3.12989045383412
0.3625,0.891746824526945,3.12989045383412
0.3875,0.891746824526945,3.12989045383412
0,0.725,3.12989045383412
0.021650635094611,0.7125,3.12989045383412
0.021650635094611,0.7375,3.12989045383412
0,0.675,3.12989045383412
0.021650635094611,0.6625,3.12989045383412
0.021650635094611,0.6875,3.12989045383412
0.043301270189222,0.7,3.12989045383412
0.155020809862842,0.847716247614334,3.12989045383412
0.165734023055832,0.828285287997073,3.12989045383412
0.183251199389472,0.849806824405892,3.12989045383412
1,0.625,3.12989045383412
0.978349364905389,0.6375,3.12989045383412
0.825,0,3.12989045383412
0,0.525,3.12989045383412
0.021650635094611,0.5125,3.12989045383412
0.021650635094611,0.5375,3.12989045383412
0.5625,0.978349364905389,3.12989045383412
0.55,0.956698729810778,3.12989045383412
0.6375,0.021650635094611,3.12989045383412
0.6625,0.0216506350946109,3.12989045383412
0.65,0.0433012701892219,3.12989045383412
0.4375,0.978349364905389,3.12989045383412
0.45,0.956698729810778,3.12989045383412
0.6375,0.0649519052838329,3.12989045383412
0.625,0.0866025403784438,3.12989045383412
0.6125,0.0649519052838328,3.12989045383412
0.021650635094611,0.4375,3.12989045383412
0.0433012701892219,0.45,3.12989045383412
0.043301270189222,0.4,3.12989045383412
0.064951905283833,0.3875,3.12989045383412
0.064951905283833,0.4125,3.12989045383412
0.3375,0.021650635094611,3.12989045383412
0.3625,0.021650635094611,3.12989045383412
0.35,0.043301270189222,3.12989045383412
0.5,0.0433012701892219,3.12989045383412
0.5125,0.0649519052838329,3.12989045383412
0.4875,0.0649519052838329,3.12989045383412
0.199282693953381,0.0434294462467723,3.12989045383412
0.211771076729439,0.0650144359633366,3.12989045383412
0.186053770682819,0.065142612020887,3.12989045383412
0.0433012701892219,0.3,3.12989045383412
0.0649519052838328,0.2875,3.12989045383412
0.0649519052838329,0.3125,3.12989045383412
0.0216506350946109,0.2625,3.12989045383412
0.022642555262871,0.237201405746502,3.12989045383412
0.0442931903574819,0.249701405746503,3.12989045383412
0.186782693953381,0.0217788111521613,3.12989045383412
0.2125,0.021650635094611,3.65153886280647
0.5125,0.805144284148501,3.65153886280647
0.4875,0.805144284148501,3.65153886280647
0.5,0.78349364905389,3.65153886280647
0.043301270189222,0.35,3.65153886280647
0.064951905283833,0.3375,3.65153886280647
0.064951905283833,0.3625,3.65153886280647
0,0.825,3.65153886280647
0.0223482171523859,0.812851802646,3.65153886280647
0.0223482171523859,0.837851802646,3.65153886280647
0.125,1,3.65153886280647
0.10966882015947,0.976990580801253,3.65153886280647
0.337173301920119,0.847926802560181,3.65153886280647
0.312027295280526,0.848253466156981,3.65153886280647
0.324200597200644,0.826084079284827,3.65153886280647
1,0.575,3.65153886280647
0.978349364905389,0.5625,3.65153886280647
0.956698729810778,0.55,3.65153886280647
0,0.275,3.65153886280647
0.0216506350946109,0.2875,3.65153886280647
0.325,0,3.65153886280647
0.3125,0.021650635094611,3.65153886280647
0.575,0,3.65153886280647
0.5875,0.0216506350946109,3.65153886280647
0.5625,0.0216506350946109,3.65153886280647
0.021650635094611,0.3375,3.65153886280647
0.0871202854997425,0.979965443998737,3.65153886280647
0.0967891056592119,0.95695602479999,3.65153886280647
0.016393895291851,0.958421966423476,3.65153886280647
0.0649519052838329,0.4375,3.65153886280647
0.0866025403784439,0.425,3.65153886280647
0.0892979626911322,0.825830950193501,3.65153886280647
0.113886213787799,0.813346332521867,3.65153886280647
0.112915382432534,0.838679328877149,3.65153886280647
0.750247222662909,0.955972209776581,3.65153886280647
0.956698729810778,0.7,3.65153886280647
0.935048094716167,0.6875,3.65153886280647
0.956301964884714,0.8017021448167,3.65153886280647
0.958421966423476,0.983606104708149,3.65153886280647
0.945507038576964,0.963986019867103,3.65153886280647
0.175,0,3.65153886280647
0.161782693953381,0.0217788111521613,3.65153886280647
0.0360139801328967,0.0544929614230357,3.65153886280647
0.0535141807915934,0.0366125895777878,3.65153886280647
0.0567403703407881,0.0579494838477748,3.65153886280647
0.325,1,3.65153886280647
0.3125,0.978349364905389,3.65153886280647
0.3375,0.978349364905389,3.65153886280647
0.35,0.956698729810778,3.65153886280647
0.5375,0.935048094716167,3.65153886280647
0.5625,0.935048094716167,3.65153886280647
0.7,0.956698729810778,3.65153886280647
0.6875,0.935048094716167,3.65153886280647
0.7125,0.935048094716167,3.65153886280647
0.725,0.0866025403784437,3.65153886280647
0.7125,0.108253175473055,3.65153886280647
0.225,0,3.65153886280647
0.2375,0.021650635094611,3.65153886280647
0.575,1,3.65153886280647
0.5875,0.978349364905389,3.65153886280647
1,0.075,3.65153886280647
0.979943852990963,0.0873638875291481,3.65153886280647
0.979943852990963,0.0623638875291481,3.65153886280647
1,0.125,3.65153886280647
0.977078422422689,0.135737313248125,3.65153886280647
0.977078422422689,0.110737313248125,3.65153886280647
0.6875,0.0216506350946109,3.65153886280647
0.7,0.0433012701892219,3.65153886280647
0.675,0,3.65153886280647
0.625,0,3.65153886280647
0.6125,0.021650635094611,3.65153886280647
0.6,0.0433012701892219,3.65153886280647
1,0.975,3.65153886280647
0.983421966423476,0.983606104708149,3.65153886280647
0.983421966423476,0.958606104708149,3.65153886280647
0.975,1,3.65153886280647
1,0.725,3.65153886280647
0.978349364905389,0.7375,3.65153886280647
0.978349364905389,0.7125,3.65153886280647
0.956698729810778,0.75,3.65153886280647
0.147184145568205,0.0442522916424718,3.65153886280647
0.135401451614825,0.0224734804903105,3.65153886280647
0.25,0.043301270189222,3.65153886280647
0.2625,0.0649519052838329,3.65153886280647
0.2375,0.0649519052838329,3.65153886280647
0.0664385550946436,0.237185633090826,3.65153886280647
0.0654466349263835,0.262484227344323,3.65153886280647
0.3,0.043301270189222,3.65153886280647
0.2875,0.021650635094611,3.65153886280647
0,0.325,3.65153886280647
0.021650635094611,0.3125,3.65153886280647
1,0.275,3.65153886280647
0.978349364905389,0.2625,3.65153886280647
0.956698729810778,0.25,3.65153886280647
0.0433012701892219,0.5,3.65153886280647
0.4875,0.021650635094611,3.65153886280647
0.025,1,3.65153886280647
0.016393895291851,0.983421966423476,3.65153886280647
0.041393895291851,0.983421966423476,3.65153886280647
0,0.975,3.65153886280647
0.0649519052838329,0.4625,4.17318727177882
0.55,0.0433012701892219,4.17318727177882
0,0.025,4.17318727177882
0.016393895291851,0.0165780335765244,4.17318727177882
0.016393895291851,0.0415780335765244,4.17318727177882
0.025,0,4.17318727177882
0.041393895291851,0.0165780335765244,4.17318727177882
0.913397459621556,0.575,4.17318727177882
0.935048094716167,0.5625,4.17318727177882
0.4625,0.021650635094611,4.17318727177882
0.45,0.0433012701892219,4.17318727177882
0.125,0,4.17318727177882
0.110401451614825,0.0224734804903105,4.17318727177882
0.0975217371145673,0.0425080364915739,4.17318727177882
0.0871202854997424,0.0200345560012634,4.17318727177882
0.65,0.956698729810778,4.17318727177882
0.6625,0.978349364905389,4.17318727177882
0.978349364905389,0.6875,4.17318727177882
0.475,0,4.17318727177882
0.4375,0.935048094716167,4.17318727177882
0.4625,0.935048094716167,4.17318727177882
0.827450849990522,0.0866067490899089,4.17318727177882
0.813995593416499,0.0652013251116158,4.17318727177882
0.525,0.913397459621556,4.17318727177882
0.5125,0.891746824526945,4.17318727177882
0.5375,0.891746824526945,4.17318727177882
0.800599025308909,0.955274627718806,4.17318727177882
0.875,1,4.17318727177882
0.86357238118875,0.977531775727409,4.17318727177882
0.88857238118875,0.977531775727409,4.17318727177882
0.724796938999068,0.912970654649839,4.17318727177882
0.737296938999068,0.93462128974445,4.17318727177882
0.3625,0.0649519052838329,4.17318727177882
0.942028925144452,0.0569839723701938,4.17318727177882
0.934432287133776,0.0834780082855462,4.17318727177882
0.0440277902234192,0.750247222662909,4.17318727177882
0.0653850426682963,0.737290407678958,4.17318727177882
0.0661115627024935,0.762537630341867,4.17318727177882
0.0223771551288082,0.762747222662909,4.17318727177882
0.85142418383475,0.955183558575023,4.17318727177882
0.838433775920392,0.933488217179681,4.17318727177882
0.864154354463142,0.933368210059476,4.17318727177882
0.942050516152225,0.943259629659212,4.17318727177882
0.963387410422212,0.946485819208406,4.17318727177882
0.3375,0.935048094716167,4.17318727177882
0.3625,0.935048094716167,4.17318727177882
0.0447253722811942,0.800599025308909,4.17318727177882
0.067511552152007,0.787996199582018,4.17318727177882
0.0674826141755848,0.813100779565109,4.17318727177882
0.891746824526945,0.3875,4.17318727177882
0.891746824526945,0.4125,4.17318727177882
0.870096189432334,0.4,4.17318727177882
0.935048094716167,0.3625,4.17318727177882
0.935048094716167,0.3375,4.17318727177882
0.775,0,4.17318727177882
0.7625,0.0216506350946109,4.17318727177882
0.75,0.0433012701892219,4.17318727177882
0.075,1,4.17318727177882
0.0621202854997424,0.979965443998737,4.17318727177882
1,0.675,4.17318727177882
0.978349364905389,0.6625,4.17318727177882
0.956698729810778,0.65,4.17318727177882
0,0.175,4.17318727177882
0.0224910667860027,0.162017509929908,4.17318727177882
0.0224910667860027,0.187017509929908,4.17318727177882
0.0453482349542158,0.148273786298395,4.17318727177882
1,0.875,4.17318727177882
0.976990580801253,0.86533117984053,4.17318727177882
0.954943180780578,0.854533324657231,4.17318727177882
0.957022275413652,0.0981012007772731,4.17318727177882
0.931566856565502,0.106851434004523,4.17318727177882
0.325,0.913397459621556,4.17318727177882
0.3125,0.891746824526945,4.17318727177882
0.3375,0.891746824526945,4.17318727177882
0.6625,0.935048094716167,4.17318727177882
0.675,0.913397459621556,4.17318727177882
0.275,1,4.17318727177882
0.2875,0.978349364905389,4.17318727177882
0.3,0.956698729810778,4.17318727177882
0.375,0,4.17318727177882
0.3875,0.021650635094611,4.17318727177882
0.4,0.0433012701892219,4.17318727177882
0.4125,0.0649519052838329,4.17318727177882
0.3875,0.0649519052838329,4.17318727177882
0.0870972700209945,0.274984227344323,4.17318727177882
0,0.075,4.17318727177882
0.0196200848410457,0.0629149278465113,4.17318727177882
0,0.225,4.17318727177882
0.022642555262871,0.212201405746502,4.17318727177882
0.0451336220488737,0.19921891567641,4.17318727177882
0.925,0,4.17318727177882
0.937085072153489,0.0196200848410457,4.17318727177882
0.912085072153489,0.0196200848410457,4.17318727177882
0.935048094716167,0.4125,4.17318727177882
0.935048094716167,0.3875,4.17318727177882
0.935048094716167,0.5125,4.17318727177882
0.935048094716167,0.4875,4.17318727177882
0,0.425,4.17318727177882
0.021650635094611,0.4125,4.17318727177882
0.900657453342239,0.957911690886364,4.17318727177882
0.0224682242725907,0.88857238118875,4.69483568075117
0.0420883091136364,0.900657453342239,4.69483568075117
0.0649085769902735,0.915721774639636,4.69483568075117
0.0824087776489703,0.933602146484884,4.69483568075117
0,0.575,4.69483568075117
0.0216506350946109,0.5625,4.69483568075117
0.0433012701892219,0.55,4.69483568075117
0.3375,0.108253175473055,4.69483568075117
0.3625,0.108253175473055,4.69483568075117
0.35,0.129903810567666,4.69483568075117
0.4375,0.0649519052838329,4.69483568075117
0.425,0.0866025403784438,4.69483568075117
0.0866025403784439,0.325,4.69483568075117
0,0.625,4.69483568075117
0.0216506350946109,0.6375,4.69483568075117
0.0433012701892219,0.65,4.69483568075117
0.945009754606183,0.0366954023883512,4.69483568075117
1,0.025,4.69483568075117
0.982924682452694,0.0420753175473055,4.69483568075117
0,0.875,4.69483568075117
0.0224682242725907,0.86357238118875,4.69483568075117
0.0448164414249766,0.85142418383475,4.69483568075117
1,0.925,4.69483568075117
0.979965443998737,0.937879714500258,4.69483568075117
0.675,1,4.69483568075117
0.6875,0.978349364905389,4.69483568075117
0.159859395046,0.0648841197857642,4.69483568075117
0.172347777822058,0.0864691095023285,4.69483568075117
0.0672735955814878,0.135431442366326,4.69483568075117
0.0669074941992775,0.161192675927747,4.69483568075117
0.064951905283833,0.6875,4.69483568075117
0.064951905283833,0.7125,4.69483568075117
0.22412531955754,0.913322680550459,4.69483568075117
0.2375,0.935048094716167,4.69483568075117
0.935048094716167,0.4375,4.69483568075117
0.913397459621556,0.425,4.69483568075117
0.5125,0.151554445662277,4.69483568075117
0.5375,0.151554445662277,4.69483568075117
0.525,0.173205080756888,4.69483568075117
0.847502917624264,0.411846550025516,4.69483568075117
0.847502917624264,0.386846550025516,4.69483568075117
0.4875,0.935048094716167,4.69483568075117
0.5125,0.935048094716167,4.69483568075117
0.275,0,4.69483568075117
0.2625,0.021650635094611,4.69483568075117
0.425,1,4.69483568075117
0.4125,0.978349364905389,4.69483568075117
0.4,0.956698729810778,4.69483568075117
0.962868535443658,0.0544392050764536,4.69483568075117
0,0.775,4.69483568075117
0.0223771551288082,0.787747222662909,4.69483568075117
1,0.175,4.69483568075117
0.977696859507015,0.16201994732142,4.69483568075117
0.954775281929704,0.147757260569545,4.69483568075117
0.475,0.0866025403784439,4.69483568075117
0.4625,0.0649519052838329,4.69483568075117
0.6625,0.0649519052838329,4.69483568075117
0.935048094716167,0.6625,4.69483568075117
0.913397459621556,0.675,4.69483568075117
0.933753899652163,0.867025248418042,4.69483568075117
0.934715918830234,0.840896213394212,4.69483568075117
0.075,0,4.69483568075117
0.0621202854997424,0.0200345560012634,4.69483568075117
0.133478152707444,0.0655787891239133,4.69483568075117
0.0896893638545836,0.173604372680881,4.69483568075117
0.113439812855597,0.160749480985756,4.69483568075117
0.114296321883631,0.186003521670958,4.69483568075117
0.934579115870304,0.815078573873977,4.69483568075117
0.81310077956511,0.932517385824415,4.69483568075117
0.825830950193502,0.910702037308868,4.69483568075117
0.5875,0.0649519052838328,4.69483568075117
0.913397459621556,0.475,4.69483568075117
0.935048094716167,0.4625,4.69483568075117
0.891746824526945,0.4875,4.69483568075117
0.891746824526945,0.4625,4.69483568075117
0.913397459621556,0.625,4.69483568075117
0.891746824526945,0.6375,4.69483568075117
0.891746824526945,0.6125,4.69483568075117
0.762544161661977,0.933894769710253,4.69483568075117
0.775045915918178,0.911137527815862,4.69483568075117
0.787996199582019,0.932488447847993,4.69483568075117
0.0649519052838328,0.6375,4.69483568075117
0.0649519052838329,0.6625,4.69483568075117
0.0649519052838327,0.5875,4.69483568075117
0.0649519052838327,0.6125,4.69483568075117
0.915721774639636,0.935091423009726,4.69483568075117
0.933602146484884,0.91759122235103,4.69483568075117
0.892209083674897,0.932243283578182,4.69483568075117
0.0665117828203194,0.838433775920391,4.69483568075117
0.0666317899405241,0.864154354463141,4.69483568075117
0.881182502720324,0.0893508019054886,4.69483568075117
0.7625,0.0649519052838328,4.69483568075117
0.78825678141301,0.0650207030354293,4.69483568075117
0.77575678141301,0.0866713381300402,4.69483568075117
0.0648526484190164,0.083902453292018,4.69483568075117
0.0680897317461838,0.107243801813993,4.69483568075117
0.0823528490777132,0.0660220814467701,4.69483568075117
0.159103786605788,0.934715918830234,4.69483568075117
0.172431250980029,0.91338726959059,4.69483568075117
0.0677567164218185,0.892209083674897,4.69483568075117
0.0896489909912455,0.120162691443346,5.21648408972353
0.150451438738049,0.128810369469435,5.21648408972353
0.155628406876845,0.152047671581792,5.21648408972353
0.132869802745849,0.149911327863477,5.21648408972353
0.475,0.913397459621556,5.21648408972353
0.891746824526945,0.5125,5.21648408972353
0.870096189432334,0.5,5.21648408972353
0.5375,0.0649519052838329,5.21648408972353
0.525,0.0866025403784439,5.21648408972353
0.0649519052838329,0.5375,5.21648408972353
0.0649519052838328,0.5625,5.21648408972353
0.2875,0.064951905283833,5.21648408972353
0.275,0.0866025403784439,5.21648408972353
0.0679154917041798,0.211630612429544,5.21648408972353
0.0890689362730814,0.224413434027365,5.21648408972353
0.879218675760539,0.910547942182839,5.21648408972353
0.910400021337057,0.881405576428283,5.21648408972353
0.890015186105599,0.891089991470224,5.21648408972353
0.893141802470361,0.863072552196962,5.21648408972353
0.375,0.0866025403784439,5.21648408972353
0.132974751581958,0.933753899652163,5.21648408972353
0.136923118396146,0.106442321509163,5.21648408972353
0.159681722527142,0.108578665227478,5.21648408972353
0.185876098163961,0.108837157462601,5.21648408972353
0.0677640032273115,0.18644671661295,5.21648408972353
0.0649519052838329,0.4875,5.21648408972353
0.0649519052838329,0.5125,5.21648408972353
0.0866025403784439,0.475,5.21648408972353
0.6625,0.891746824526945,5.21648408972353
0.6875,0.891746824526945,5.21648408972353
0.913389834741889,0.827570497634788,5.21648408972353
0.0894520578171612,0.879218675760539,5.21648408972353
0.118594423571717,0.910400021337057,5.21648408972353
0.108910008529776,0.890015186105599,5.21648408972353
0.136927447803038,0.893141802470361,5.21648408972353
0.108253175473055,0.5625,5.21648408972353
0.108253175473055,0.5375,5.21648408972353
0.129903810567666,0.55,5.21648408972353
0.4125,0.935048094716167,5.21648408972353
0.425,0.913397459621556,5.21648408972353
0.108253175473055,0.4625,5.21648408972353
0.108253175473055,0.4875,5.21648408972353
0.2875,0.935048094716167,5.21648408972353
0.3125,0.935048094716167,5.21648408972353
0.913397459621556,0.375,5.21648408972353
0.933172005584974,0.212130054250886,5.21648408972353
0.5625,0.0649519052838328,5.21648408972353
0.575,0.0866025403784438,5.21648408972353
0.0866025403784437,0.575,5.21648408972353
0.0866025403784439,0.525,5.21648408972353
0.104957312308697,0.930627283287401,5.21648408972353
0.933022798257007,0.135048444533235,5.21648408972353
0.910432809977131,0.120425252041508,5.21648408972353
0.224271076729439,0.0866650710579476,5.21648408972353
0.934736955862119,0.262684593144926,5.21648408972353
0.934736955862119,0.237684593144926,5.21648408972353
0.911210231636314,0.224814647395812,5.21648408972353
0.086602540378444,0.375,5.21648408972353
0.108262844716801,0.1375121788734,5.21648408972353
0.7,0.129903810567666,5.21648408972353
0.6875,0.108253175473055,5.21648408972353
0.935048094716167,0.2875,5.21648408972353
0.913086320767508,0.275184593144926,5.21648408972353
0.7375,0.0649519052838328,5.21648408972353
0.930627283287401,0.895042687691303,5.21648408972353
0.935048094716167,0.5375,5.21648408972353
0.913397459621556,0.525,5.21648408972353
0.3875,0.935048094716167,5.21648408972353
0.4125,0.108253175473055,5.21648408972353
0.4,0.129903810567666,5.21648408972353
0.3875,0.108253175473055,5.21648408972353
0.3125,0.108253175473055,5.21648408972353
0.15957492452073,0.891382210862485,5.21648408972353
0.185394312655782,0.891242842751257,5.21648408972353
0.133953167670775,0.799224656220004,5.21648408972353
0.935048094716167,0.6375,5.21648408972353
0.6375,0.108253175473055,5.21648408972353
0.6125,0.108253175473055,5.21648408972353
0.891307245395526,0.287962020383194,5.21648408972353
0.891746824526945,0.3125,5.21648408972353
0.869656610300915,0.300462020383194,5.21648408972353
0.6,0.129903810567666,5.21648408972353
0.5875,0.108253175473055,5.21648408972353
0.870096189432334,0.6,5.21648408972353
0.891746824526945,0.5875,5.21648408972353
0.4125,0.151554445662277,5.21648408972353
0.3875,0.151554445662277,5.21648408972353
0.4625,0.891746824526945,5.21648408972353
0.4875,0.891746824526945,5.21648408972353
0.870096189432334,0.45,5.21648408972353
0.848445554337723,0.4625,5.21648408972353
0.848445554337723,0.4375,5.21648408972353
0.525,0.826794919243112,5.21648408972353
0.5375,0.805144284148501,5.21648408972353
0.4125,0.891746824526945,5.21648408972353
0.4,0.870096189432334,5.21648408972353
0.935048094716167,0.3125,5.21648408972353
0.913397459621556,0.325,5.21648408972353
0.4375,0.891746824526945,5.21648408972353
0.108253175473055,0.5875,5.21648408972353
0.890996106541478,0.26314661352812,5.73813249869588
0.6875,0.0649519052838328,5.73813249869588
0.675,0.0866025403784438,5.73813249869588
0.0866025403784439,0.675,5.73813249869588
0.0866025403784437,0.625,5.73813249869588
0.108253175473055,0.5125,5.73813249869588
0.55,0.870096189432334,5.73813249869588
0.4375,0.108253175473055,5.73813249869588
0.4625,0.108253175473055,5.73813249869588
0.45,0.129903810567666,5.73813249869588
0.891746824526945,0.7375,5.73813249869588
0.891746824526945,0.7125,5.73813249869588
0.130619638945092,0.748127790937499,5.73813249869588
0.153766355632266,0.735679750994921,5.73813249869588
0.153549418499522,0.759806561291914,5.73813249869588
0.134272224305994,0.200013750273166,5.73813249869588
0.154955644391271,0.19107508887758,5.73813249869588
0.151181097812621,0.217940209174913,5.73813249869588
0.891840869424998,0.789144303552363,5.73813249869588
0.891245407902555,0.814607435959035,5.73813249869588
0.869833245545594,0.801998881396845,5.73813249869588
0.813346332521868,0.8861137862122,5.73813249869588
0.83867932887715,0.887084617567466,5.73813249869588
0.870262448250186,0.750767874495086,5.73813249869588
0.848625503584214,0.764834713788639,5.73813249869588
0.848459244766363,0.739066839293553,5.73813249869588
0.6375,0.935048094716167,5.73813249869588
0.625,0.913397459621556,5.73813249869588
0.105634015192796,0.0684610059358172,5.73813249869588
0.11830926467059,0.0890928340791095,5.73813249869588
0.886070823914984,0.186532698648128,5.73813249869588
0.887192559069717,0.161213775682352,5.73813249869588
0.890866917762264,0.109735637136947,5.73813249869588
0.863072552196962,0.106858197529639,5.73813249869588
0.840425075479269,0.108617789137514,5.73813249869588
0.814487788314769,0.108751175929242,5.73813249869588
0.891746824526945,0.5625,5.73813249869588
0.651678684137693,0.21887045743142,5.73813249869588
0.665630325425747,0.242182193542777,5.73813249869588
0.640859386742445,0.242709198231923,5.73813249869588
0.891746824526945,0.3625,5.73813249869588
0.7125,0.0649519052838328,5.73813249869588
0.2625,0.935048094716167,5.73813249869588
0.275,0.913397459621556,5.73813249869588
0.869407164678574,0.251834719765947,5.73813249869588
0.891186240050556,0.239057292527679,5.73813249869588
0.412029719006276,0.847660768178559,5.73813249869588
0.424529719006276,0.826010133083948,5.73813249869588
0.4375,0.848445554337723,5.73813249869588
0.866046832329225,0.200775343779995,5.73813249869588
0.849055836269026,0.218420766459542,5.73813249869588
0.845505370410599,0.191450711474031,5.73813249869588
0.801998881396845,0.130166754454406,5.73813249869588
0.816748800610527,0.150193175594108,5.73813249869588
0.791285668203855,0.149597714071666,5.73813249869588
0.109078980881497,0.109324538321067,5.73813249869588
0.45,0.870096189432334,5.73813249869588
0.5,0.870096189432334,5.73813249869588
0.15241679592469,0.588038993715853,5.73813249869588
0.151554445662277,0.562500000000001,5.73813249869588
0.174067431019301,0.575538993715854,5.73813249869588
0.891746824526945,0.4375,5.73813249869588
0.5375,0.108253175473055,5.73813249869588
0.5125,0.108253175473055,5.73813249869588
0.637699528096723,0.847930978801293,5.73813249869588
0.613153449974484,0.847502917624264,5.73813249869588
0.625852978071207,0.825337706993223,5.73813249869588
0.891913083344796,0.763267874495086,5.73813249869588
0.612970574063124,0.152328956110793,5.73813249869588
0.587970574063124,0.152328956110793,5.73813249869588
0.4875,0.108253175473055,5.73813249869588
0.6,0.870096189432334,5.73813249869588
0.6125,0.891746824526945,5.73813249869588
0.4625,0.848445554337723,5.73813249869588
0.129903810567666,0.65,5.73813249869588
0.152091827879909,0.637639791189039,5.73813249869588
0.152091827879909,0.662639791189039,5.73813249869588
0.748165280234054,0.869407164678574,5.73813249869588
0.735717240291474,0.8462604479914,5.73813249869588
0.759806561291915,0.846450581500478,5.73813249869588
0.891746824526945,0.6625,5.73813249869588
0.870096189432334,0.65,5.73813249869588
0.5,0.129903810567666,5.73813249869588
0.4875,0.151554445662277,5.73813249869588
0.108253175473055,0.3125,5.73813249869588
0.108253175473055,0.3375,5.73813249869588
0.803168877970407,0.638766000918329,5.73813249869588
0.803695882659553,0.663536939601631,5.73813249869588
0.78112954256858,0.651678684137693,5.73813249869588
0.847716247614334,0.844979190137158,5.73813249869588
0.828285287997074,0.834265976944168,5.73813249869588
0.849806824405892,0.816748800610527,5.73813249869588
0.129903810567666,0.6,5.73813249869588
0.15241679592469,0.613038993715853,5.73813249869588
0.870096189432334,0.55,5.73813249869588
0.848445554337723,0.5625,5.73813249869588
0.848445554337723,0.537500000000001,5.73813249869588
0.108253175473055,0.6625,5.73813249869588
0.108253175473055,0.6875,5.73813249869588
0.130370193322751,0.699500490320253,5.73813249869588
0.236966277861969,0.108098442670802,6.25978090766823
0.211237354591408,0.108160973350306,6.25978090766823
0.198571299296492,0.130270529075456,6.25978090766823
0.35,0.870096189432334,6.25978090766823
0.198009838748272,0.869821010241505,6.25978090766823
0.21086616520757,0.89182606896961,6.25978090766823
0.108688807235066,0.287831802878232,6.25978090766823
0.130339442329677,0.300331802878232,6.25978090766823
0.11052177530498,0.212868641968292,6.25978090766823
0.109044838695444,0.238423662629573,6.25978090766823
0.891746824526945,0.5375,6.25978090766823
0.699537979616807,0.869656610300915,6.25978090766823
0.712037979616806,0.891307245395526,6.25978090766823
0.760924239616316,0.891070573932887,6.25978090766823
0.786376277536357,0.889664252070627,6.25978090766823
0.769131193597879,0.825909119581852,6.25978090766823
0.781579233540458,0.849055836269026,6.25978090766823
0.687303918521968,0.8477565700353,6.25978090766823
0.711841898138774,0.847316990903881,6.25978090766823
0.132373333145149,0.849475839222209,6.25978090766823
0.107785082048482,0.861960456893843,6.25978090766823
0.109183536877617,0.262816030222555,6.25978090766823
0.891382210862485,0.840425075479269,6.25978090766823
0.870997375631028,0.85010949052121,6.25978090766823
0.799224656220005,0.866046832329225,6.25978090766823
0.804712197413103,0.562888967859506,6.25978090766823
0.783061562318492,0.550388967859506,6.25978090766823
0.805144284148501,0.537500000000001,6.25978090766823
0.23674084565003,0.891900848040707,6.25978090766823
0.174604813236933,0.625678784904892,6.25978090766823
0.197345637020322,0.614236397925357,6.25978090766823
0.197020668975542,0.638837195398543,6.25978090766823
0.108253175473055,0.3875,6.25978090766823
0.129903810567666,0.4,6.25978090766823
0.108253175473055,0.4125,6.25978090766823
0.108253175473055,0.6125,6.25978090766823
0.3,0.870096189432334,6.25978090766823
0.287027295280526,0.848253466156981,6.25978090766823
0.108253175473055,0.6375,6.25978090766823
0.861960456893843,0.892214917951518,6.25978090766823
0.108253175473055,0.3625,6.25978090766823
0.129903810567666,0.35,6.25978090766823
0.8462604479914,0.264282759708526,6.25978090766823
0.846450581500478,0.240193438708085,6.25978090766823
0.844979190137158,0.152283752385666,6.25978090766823
0.834265976944168,0.171714712002926,6.25978090766823
0.6375,0.891746824526945,6.25978090766823
0.65,0.870096189432334,6.25978090766823
0.736834918615875,0.890880440423809,6.25978090766823
0.130636375909516,0.251271238163482,6.25978090766823
0.26215382391236,0.108123508093628,6.25978090766823
0.249120101774329,0.129619410385987,6.25978090766823
0.867626666854851,0.150524160777791,6.25978090766823
0.892322859453769,0.137932647665658,6.25978090766823
0.28715382391236,0.108123508093628,6.25978090766823
0.29965382391236,0.129774143188239,6.25978090766823
0.82549055820373,0.625782702254257,6.25978090766823
0.802924218112757,0.613924446790319,6.25978090766823
0.387029719006276,0.847660768178559,6.25978090766823
0.850402285928334,0.791285668203855,6.25978090766823
0.808549288525969,0.845505370410599,6.25978090766823
0.208723051941261,0.850390050624245,6.25978090766823
0.2875,0.891746824526945,6.25978090766823
0.312111289957,0.150983230036561,6.25978090766823
0.286765113869359,0.150853562657134,6.25978090766823
0.889621289773411,0.213502753633639,6.25978090766823
0.85010949052121,0.129002624368972,6.25978090766823
0.129903810567666,0.5,6.25978090766823
0.826794919243112,0.475,6.25978090766823
0.805144284148501,0.4875,6.25978090766823
0.805144284148501,0.4625,6.25978090766823
0.183754308720806,0.150392700413145,6.25978090766823
0.166172672728606,0.171493658807186,6.25978090766823
0.891746824526945,0.6875,6.25978090766823
0.870096189432334,0.7,6.25978090766823
0.260966782238993,0.848377401484307,6.25978090766823
0.272994077519519,0.826534678208953,6.25978090766823
0.828599082444512,0.779584633002322,6.25978090766823
0.151554445662277,0.537500000000001,6.25978090766823
0.847930978801293,0.337300471903277,6.25978090766823
0.825591359404259,0.324996553381311,6.25978090766823
0.8477565700353,0.312696081478033,6.25978090766823
0.129903810567666,0.45,6.25978090766823
0.151554445662277,0.4375,6.25978090766823
0.151554445662277,0.4625,6.25978090766823
0.4625,0.151554445662277,6.25978090766823
0.4375,0.151554445662277,6.25978090766823
0.14989050947879,0.870997375631028,6.25978090766823
0.891746824526945,0.3375,6.25978090766823
0.870096189432334,0.35,6.25978090766823
0.849475839222209,0.86762666685485,6.25978090766823
0.2625,0.891746824526945,6.25978090766823
0.24924084565003,0.870250212946096,6.25978090766823
0.3375,0.151554445662277,6.25978090766823
0.324611289957,0.172633865131172,6.25978090766823
0.153374531763376,0.239505198548456,6.25978090766823
0.153513229945549,0.263897566141438,6.25978090766823
0.625782702254257,0.17450944179627,6.25978090766823
0.638766000918329,0.196831122029593,6.25978090766823
0.613924446790319,0.197075781887243,6.25978090766823
0.847316990903881,0.288158101861227,6.78142931664059
0.209115565148253,0.14971651630085,6.78142931664059
0.261007975449274,0.151244580092764,6.78142931664059
0.235820429398883,0.151219514669939,6.78142931664059
0.789024655908097,0.1081557144068,6.78142931664059
0.5625,0.108253175473055,6.78142931664059
0.55,0.129903810567666,6.78142931664059
0.108253175473055,0.4375,6.78142931664059
0.6625,0.108253175473055,6.78142931664059
0.65,0.129903810567666,6.78142931664059
0.663204324923827,0.803857562628083,6.78142931664059
0.639170296864672,0.802846638225087,6.78142931664059
0.651975565595052,0.780938432682918,6.78142931664059
0.475,0.173205080756888,6.78142931664059
0.687982390288969,0.151707246842165,6.78142931664059
0.675794518480102,0.173887732527643,6.78142931664059
0.662812128191133,0.152084296253143,6.78142931664059
0.712982390288968,0.151707246842165,6.78142931664059
0.195306937714317,0.437113279668198,6.78142931664059
0.216957572808928,0.449613279668198,6.78142931664059
0.194855715851499,0.4625,6.78142931664059
0.151554445662277,0.5125,6.78142931664059
0.173205080756888,0.525,6.78142931664059
0.375,0.173205080756888,6.78142931664059
0.386461624703776,0.196522695624034,6.78142931664059
0.361461624703776,0.196522695624034,6.78142931664059
0.15235600940059,0.387003589361523,6.78142931664059
0.152119002201841,0.36217668644177,6.78142931664059
0.174571201034764,0.374180275803293,6.78142931664059
0.174542746706828,0.674712412205698,6.78142931664059
0.152354729394585,0.687072621016659,6.78142931664059
0.174090880418148,0.769131193597878,6.78142931664059
0.150944163730974,0.781579233540456,6.78142931664059
0.575470574063124,0.173979591205404,6.78142931664059
0.5625,0.151554445662276,6.78142931664059
0.5375,0.848445554337723,6.78142931664059
0.5625,0.848445554337723,6.78142931664059
0.4875,0.848445554337723,6.78142931664059
0.5125,0.848445554337723,6.78142931664059
0.662699528096723,0.847930978801293,6.78142931664059
0.675003446618691,0.825591359404259,6.78142931664059
0.810639865317527,0.817274980883969,6.78142931664059
0.575653449974485,0.825852282529653,6.78142931664059
0.563011628485371,0.804596955942047,6.78142931664059
0.588665078459856,0.803654319228587,6.78142931664059
0.826794919243112,0.525,6.78142931664059
0.848445554337723,0.5125,6.78142931664059
0.825852282529653,0.424346550025516,6.78142931664059
0.723483179196636,0.824360407725785,6.78142931664059
0.848445554337723,0.4875,6.78142931664059
0.19538145913804,0.562920050159181,6.78142931664059
0.196243809400453,0.588459043875034,6.78142931664059
0.805144284148501,0.512500000000001,6.78142931664059
0.15235600940059,0.412003589361524,6.78142931664059
0.1740066444952,0.424503589361524,6.78142931664059
0.362173301920119,0.847926802560181,6.78142931664059
0.374203020926395,0.825491381306406,6.78142931664059
0.411640052006432,0.803885319863085,6.78142931664059
0.437110333000156,0.804670106022249,6.78142931664059
0.311201991331696,0.804096348335496,6.78142931664059
0.336347997971289,0.803769684738696,6.78142931664059
0.273465441493913,0.172453666941086,6.78142931664059
0.221003438823197,0.171341686007627,6.78142931664059
0.4875,0.194855715851499,6.78142931664059
0.4625,0.194855715851499,6.78142931664059
0.425,0.173205080756888,6.78142931664059
0.847671043889207,0.612970574063124,6.78142931664059
0.847671043889207,0.587970574063124,6.78142931664059
0.826020408794596,0.575470574063124,6.78142931664059
0.847930978801293,0.362300471903277,6.78142931664059
0.825337706993223,0.374147021928793,6.78142931664059
0.152290970461183,0.287966089193457,6.78142931664059
0.151855338699172,0.312634286315225,6.78142931664059
0.174070530333346,0.324810972756995,6.78142931664059
0.152119002201841,0.33717668644177,6.78142931664059
0.1544946295894,0.808549288525967,6.78142931664059
0.240125551403321,0.588617076107773,6.78142931664059
0.238682729327262,0.562920050159182,6.78142931664059
0.261250443211391,0.575697025948593,6.78142931664059
0.562888967859506,0.195287802586897,6.78142931664059
0.550388967859506,0.216938437681508,6.78142931664059
0.537500000000001,0.194855715851499,6.78142931664059
0.802418577048058,0.385375781257568,6.78142931664059
0.802846638225087,0.360829703135329,6.78142931664059
0.78349364905389,0.5,6.78142931664059
0.847915703746857,0.637812128191133,6.78142931664059
0.825909119581852,0.230868806402121,6.78142931664059
0.824360407725785,0.276516820803365,6.78142931664059
0.196108501452629,0.411616869029721,6.78142931664059
0.4375,0.194855715851499,6.78142931664059
0.4125,0.194855715851499,6.78142931664059
0.3625,0.151554445662277,6.78142931664059
0.194855715851499,0.537500000000001,6.78142931664059
0.217032094232652,0.550420050159181,6.78142931664059
0.614624218742433,0.802418577048057,6.78142931664059
0.712989097458114,0.804719545142238,6.78142931664059
0.736864439610814,0.803663002229757,6.78142931664059
0.398961624703776,0.218173330718645,6.78142931664059
0.196282021107369,0.336251104397513,6.78142931664059
0.218841267671183,0.348024607140291,6.78142931664059
0.19689344039983,0.361126875626318,7.30307772561294
0.475,0.826794919243112,7.30307772561294
0.15282111214967,0.711573111336912,7.30307772561294
0.1757508917041,0.723251881691327,7.30307772561294
0.218977807452774,0.651843325484278,7.30307772561294
0.196236983669385,0.663285712463814,7.30307772561294
0.194855715851499,0.5125,7.30307772561294
0.175029126315043,0.276200049578431,7.30307772561294
0.174057951848653,0.230566537152869,7.30307772561294
0.576108079223243,0.261363748883667,7.30307772561294
0.588476843711265,0.282607126839176,7.30307772561294
0.562631235511978,0.281865513369044,7.30307772561294
0.848292753157835,0.712982390288968,7.30307772561294
0.848292753157834,0.687982390288969,7.30307772561294
0.826655808491863,0.727049229582521,7.30307772561294
0.804596955942047,0.436988371514629,7.30307772561294
0.803654319228588,0.411334921540145,7.30307772561294
0.45,0.21650635094611,7.30307772561294
0.4625,0.238156986040721,7.30307772561294
0.4375,0.23815698604072,7.30307772561294
0.235207627889023,0.848531424998069,7.30307772561294
0.220448988530224,0.828517239162455,7.30307772561294
0.33706963379008,0.195561070245707,7.30307772561294
0.311680923747079,0.194989854619991,7.30307772561294
0.195156608888393,0.287634286315225,7.30307772561294
0.217368099662416,0.299074417955743,7.30307772561294
0.1960183576047,0.311708704270968,7.30307772561294
0.173205080756888,0.475,7.30307772561294
0.151554445662277,0.4875,7.30307772561294
0.588153449974484,0.847502917624264,7.30307772561294
0.804719545142238,0.287010902541889,7.30307772561294
0.803663002229757,0.263135560389187,7.30307772561294
0.739066839293553,0.151540755233637,7.30307772561294
0.727049229582521,0.173344191508137,7.30307772561294
0.637812128191133,0.152084296253143,7.30307772561294
0.58835954192263,0.196062313035413,7.30307772561294
0.628443840056886,0.73597331682956,7.30307772561294
0.615127111337587,0.714808264555539,7.30307772561294
0.641408174453972,0.71325137809145,7.30307772561294
0.449610333000156,0.783019470927637,7.30307772561294
0.4625,0.805144284148501,7.30307772561294
0.194855715851499,0.4875,7.30307772561294
0.688707201699466,0.19592706792947,7.30307772561294
0.663536939601631,0.196304117340447,7.30307772561294
0.817274980883969,0.189360134682473,7.30307772561294
0.386055257068436,0.802932523117094,7.30307772561294
0.398635871062316,0.781592496055394,7.30307772561294
0.260966782238993,0.805076131295085,7.30307772561294
0.287027295280526,0.804952195967759,7.30307772561294
0.847915703746857,0.662812128191133,7.30307772561294
0.826112267472357,0.675794518480102,7.30307772561294
0.764834713788639,0.151374496415786,7.30307772561294
0.779584633002322,0.171400917555489,7.30307772561294
0.218659665139062,0.601617454368684,7.30307772561294
0.19649988518406,0.687718542291434,7.30307772561294
0.385667700932371,0.759008422940393,7.30307772561294
0.411252495870366,0.759961219686383,7.30307772561294
0.29917469605117,0.782637801421627,7.30307772561294
0.348200234113331,0.781210826549384,7.30307772561294
0.361198839982279,0.803198557498716,7.30307772561294
0.234113415752808,0.1964068798998,7.30307772561294
0.26139914046363,0.192752038708362,7.30307772561294
0.24780425314261,0.216314234231445,7.30307772561294
0.197130447598578,0.385953778546071,7.30307772561294
0.218430740817695,0.398563468852745,7.30307772561294
0.793084647169394,0.194872081316665,7.30307772561294
0.766633692754178,0.196648863660785,7.30307772561294
0.512500000000001,0.194855715851499,7.30307772561294
0.5,0.21650635094611,7.30307772561294
0.21650635094611,0.5,7.30307772561294
0.550511628485371,0.782946320847436,7.30307772561294
0.196378868372759,0.263565763263206,7.30307772561294
0.713223440334807,0.194725565350205,7.30307772561294
0.700965861456336,0.21714195016301,7.30307772561294
0.782946320847436,0.449488371514629,7.30307772561294
0.601342840586701,0.218383993268736,7.30307772561294
0.805440926258323,0.739307889339391,7.30307772561294
0.805274434649795,0.713223440334807,7.30307772561294
0.687808715349071,0.80368315386209,7.30307772561294
0.196336997770242,0.736864439610808,7.30307772561294
0.217922076716269,0.753125165225156,7.30307772561294
0.198281214132723,0.763619246963685,7.30307772561294
0.182725019116031,0.810639865317526,7.30307772561294
0.742320695639402,0.276478065423325,7.30307772561294
0.721206245438455,0.280141069410983,7.30307772561294
0.72397862082997,0.258350736998329,7.30307772561294
0.80368315386209,0.31219128465093,7.30307772561294
0.782985748366062,0.298810024236752,7.30307772561294
0.781163250460451,0.39801760274668,7.30307772561294
0.78207792328373,0.246874834774836,7.30307772561294
0.764557605338563,0.264158687569191,7.30307772561294
0.762613388976084,0.237403880216316,7.30307772561294
0.804324040635825,0.21460808078777,7.30307772561294
0.207408551502177,0.194903881530711,7.30307772561294
0.183081546235233,0.189420117708932,7.30307772561294
0.763619246963688,0.801718785867277,7.30307772561294
0.753125165225166,0.78207792328373,7.30307772561294
0.803351136339216,0.766633692754178,7.30307772561294
0.781969762497148,0.752807903506463,7.30307772561294
0.785391919212231,0.804324040635825,7.30307772561294
0.70118997576325,0.782985748366062,7.82472613458529
0.801718785867277,0.236380753036313,7.82472613458529
0.238156986040721,0.4875,7.82472613458529
0.238156986040721,0.5125,7.82472613458529
0.805127918683336,0.793084647169394,7.82472613458529
0.195675959364174,0.785391919212227,7.82472613458529
0.217085991250202,0.701331100210914,7.82472613458529
0.239322900949365,0.689011722356785,7.82472613458529
0.238214770052951,0.71405098001815,7.82472613458529
0.803937686964587,0.58835954192263,7.82472613458529
0.60198239725332,0.781163250460451,7.82472613458529
0.781616006731264,0.601342840586701,7.82472613458529
0.80407293207053,0.688707201699466,7.82472613458529
0.235442394661435,0.735841312430804,7.82472613458529
0.237386611023916,0.762596119783681,7.82472613458529
0.206915352830606,0.805127918683333,7.82472613458529
0.803857562628083,0.336795675076174,7.82472613458529
0.780938432682918,0.348024434404948,7.82472613458529
0.462811965523785,0.282722280674475,7.82472613458529
0.451314914476808,0.305805928195789,7.82472613458529
0.438502948953023,0.282891268656645,7.82472613458529
0.23941133471108,0.436959810071716,7.82472613458529
0.238960112848262,0.462346530403519,7.82472613458529
0.198384957115598,0.236050300974648,7.82472613458529
0.218512439688948,0.247484537711442,7.82472613458529
0.23786064658051,0.236278853952445,7.82472613458529
0.235854557837671,0.263794316241003,7.82472613458529
0.6155251676228,0.285152680719704,7.82472613458529
0.602048323911535,0.30565444520508,7.82472613458529
0.761843013959279,0.4625,7.82472613458529
0.761295685752825,0.436988371514628,7.82472613458529
0.436936250669075,0.760826476831382,7.82472613458529
0.462325917668919,0.761300654957635,7.82472613458529
0.757817806457223,0.665630325425747,7.82472613458529
0.757290801768078,0.640859386742444,7.82472613458529
0.195391754287646,0.712757799952799,7.82472613458529
0.5375,0.761843013959279,7.82472613458529
0.563011628485371,0.761295685752825,7.82472613458529
0.462879814072416,0.673708527631965,7.82472613458529
0.475355031666973,0.651331291382712,7.82472613458529
0.487751917418188,0.67341493072765,7.82472613458529
0.348531258493856,0.218878685112854,7.82472613458529
0.385949875020225,0.24072294715839,7.82472613458529
0.372484114439585,0.26341084934912,7.82472613458529
0.359457488826911,0.242528212681909,7.82472613458529
0.740192378864668,0.525000000000001,7.82472613458529
0.717913807478704,0.536885137115631,7.82472613458529
0.717913807478703,0.51188513711563,7.82472613458529
0.7607488386669,0.311129402090886,7.82472613458529
0.761785229947048,0.285949019981845,7.82472613458529
0.723521934576675,0.742320695639402,7.82472613458529
0.719858930589017,0.721206245438455,7.82472613458529
0.741649263001671,0.72397862082997,7.82472613458529
0.669197813206275,0.362137810200001,7.82472613458529
0.672688000355858,0.387060945779671,7.82472613458529
0.649799487744704,0.377290201714345,7.82472613458529
0.739307889339391,0.194559073741677,7.82472613458529
0.752807903506463,0.218030237502853,7.82472613458529
0.257679304360598,0.723521934576675,7.82472613458529
0.287156278883715,0.192361021272731,7.82472613458529
0.299614622716796,0.215288226387267,7.82472613458529
0.233399928778368,0.803269293057156,7.82472613458529
0.247433146539375,0.781686810815962,7.82472613458529
0.331865216184563,0.364459237627048,7.82472613458529
0.354073105150994,0.381012330676829,7.82472613458529
0.330312429679209,0.390044544859745,7.82472613458529
0.312356890624486,0.344049896645946,7.82472613458529
0.336117566096271,0.33501768246303,7.82472613458529
0.641333220354584,0.757171969322696,7.82472613458529
0.665367248413739,0.758182893725693,7.82472613458529
0.761843013959279,0.5125,7.82472613458529
0.761843013959279,0.4875,7.82472613458529
0.196191523164843,0.214485311601105,7.82472613458529
0.757171969322697,0.358666779645417,7.82472613458529
0.758182893725694,0.334632751586262,7.82472613458529
0.24122737902319,0.614394430158095,7.82472613458529
0.334154227494812,0.757960953962501,7.82472613458529
0.359005069505802,0.75738982672252,7.82472613458529
0.411988250316449,0.239055967385855,7.82472613458529
0.740192378864668,0.475,7.82472613458529
0.718070598323258,0.487186835783838,7.82472613458529
0.718070598323258,0.462186835783837,7.82472613458529
0.259807621135332,0.525000000000001,7.82472613458529
0.238156986040721,0.537500000000001,7.82472613458529
0.260610747942873,0.474846530403519,7.82472613458529
0.78285804983699,0.700965861456336,7.82472613458529
0.759821403135869,0.689656896725009,7.82472613458529
0.735982662335367,0.67883759932976,7.82472613458529
0.717392873160825,0.588476843711265,7.82472613458529
0.714847319280297,0.615525167622799,7.82472613458529
0.694345554794921,0.602048323911535,7.82472613458529
0.678228252668646,0.736982375306679,7.82472613458529
0.688870597909115,0.7607488386669,7.82472613458529
0.735287585561297,0.235314090297208,7.82472613458529
0.424488250316449,0.260706602480466,7.82472613458529
0.735841312430811,0.764557605338563,7.82472613458529
0.762596119783685,0.762613388976084,7.82472613458529
0.764685909702792,0.735287585561297,7.82472613458529
0.31206963379008,0.238862340434929,7.82472613458529
0.287544988926716,0.236233507087669,7.82472613458529
0.264154359300968,0.371425855553625,8.34637454355764
0.287018114738814,0.358945846882623,8.34637454355764
0.285240785274931,0.385971460480966,8.34637454355764
0.265146371291333,0.232624012761006,8.34637454355764
0.277601382364617,0.256198126808669,8.34637454355764
0.73698237530668,0.321771747331354,8.34637454355764
0.283541098585452,0.462433052851946,8.34637454355764
0.28273797177791,0.487586522448428,8.34637454355764
0.61443071643846,0.240751412237182,8.34637454355764
0.588865811570771,0.239737943385353,8.34637454355764
0.628382357726514,0.264063148348539,8.34637454355764
0.411985782046343,0.716028261252134,8.34637454355764
0.384974356390043,0.714142102457118,8.34637454355764
0.398675812695966,0.692793217137871,8.34637454355764
0.282520720168908,0.512015481774354,8.34637454355764
0.305451070811486,0.499602004222782,8.34637454355764
0.264953464484541,0.76440295802161,8.34637454355764
0.263923981157214,0.628081937354447,8.34637454355764
0.242458094892955,0.641082315615359,8.34637454355764
0.761410927223881,0.562888967859507,8.34637454355764
0.761843013959279,0.537500000000001,8.34637454355764
0.735936851651461,0.628382357726514,8.34637454355764
0.759248587762818,0.61443071643846,8.34637454355764
0.42396808053913,0.73824240371638,8.34637454355764
0.5888866262865,0.716789097225351,8.34637454355764
0.601850960683586,0.694067158487241,8.34637454355764
0.371621694313852,0.735758550353509,8.34637454355764
0.278656589008849,0.719602852278774,8.34637454355764
0.275884213617334,0.741393184691428,8.34637454355764
0.615052157238199,0.758728855786785,8.34637454355764
0.576081388470251,0.738861291079159,8.34637454355764
0.56280523781625,0.718120185010861,8.34637454355764
0.387764725094914,0.670497155218708,8.34637454355764
0.414776150751214,0.672383314013725,8.34637454355764
0.5125,0.761843013959279,8.34637454355764
0.525,0.740192378864668,8.34637454355764
0.282520720168908,0.537015481774355,8.34637454355764
0.305494797353965,0.548499466287354,8.34637454355764
0.282781698320389,0.561483984513001,8.34637454355764
0.306304840591141,0.450521522984046,8.34637454355764
0.329312870843225,0.438840912200781,8.34637454355764
0.328676352672572,0.46349243411359,8.34637454355764
0.4875,0.761843013959279,8.34637454355764
0.474825917668919,0.739650019863024,8.34637454355764
0.242080768571787,0.333774538933384,8.34637454355764
0.240631756687897,0.309522847749836,8.34637454355764
0.264482676880961,0.320148550771734,8.34637454355764
0.281516832498535,0.277852240361759,8.34637454355764
0.259118214863152,0.274242746035096,8.34637454355764
0.240914858400364,0.385675923760532,8.34637454355764
0.239892912254415,0.411339014244182,8.34637454355764
0.26189545229375,0.424072264979503,8.34637454355764
0.563020203371484,0.238996329915221,8.34637454355764
0.537631235511978,0.238564243179823,8.34637454355764
0.712648433972339,0.30658679884971,8.34637454355764
0.694306359162907,0.288459470424714,8.34637454355764
0.537096623998618,0.282906069899298,8.34637454355764
0.549465388486641,0.304149447854806,8.34637454355764
0.310105445183963,0.759628028091445,8.34637454355764
0.320910280576434,0.735807028264582,8.34637454355764
0.305986776113424,0.71104471326892,8.34637454355764
0.330035558424273,0.709377639139975,8.34637454355764
0.738861291079159,0.423918611529749,8.34637454355764
0.759964597967315,0.410906983044378,8.34637454355764
0.641953837926784,0.287110466714444,8.34637454355764
0.437669536845052,0.716893518397134,8.34637454355764
0.589093016955622,0.759964597967315,8.34637454355764
0.242692187864247,0.358650310162188,8.34637454355764
0.718120185010861,0.43719476218375,8.34637454355764
0.69599840446945,0.449381597967587,8.34637454355764
0.335065497913215,0.241566587303583,8.34637454355764
0.322995864123135,0.262511868003985,8.34637454355764
0.287781866856688,0.693173463154167,8.34637454355764
0.343388220500464,0.687761191243584,8.34637454355764
0.358311724963474,0.712523506239246,8.34637454355764
0.487487157745938,0.238606688491493,8.34637454355764
0.474987157745937,0.260257323586103,8.34637454355764
0.718541743770059,0.562500000000001,8.34637454355764
0.696263172384094,0.549385137115631,8.34637454355764
0.512487157745938,0.238606688491493,8.34637454355764
0.525118393257915,0.260664580725205,8.34637454355764
0.760262056614648,0.588865811570771,8.34637454355764
0.739043508255435,0.575976843711266,8.34637454355764
0.714050980018157,0.761785229947048,8.34637454355764
0.462464267580735,0.717449913919142,8.34637454355764
0.450481969087948,0.695235771454896,8.34637454355764
0.262803188389546,0.678250712487866,8.34637454355764
0.290133375494121,0.669692573478012,8.34637454355764
0.285930749132792,0.760483875723708,8.34637454355764
0.761022905715134,0.714173135360349,8.34637454355764
0.758728855786785,0.384947842761801,8.34637454355764
0.735973316829561,0.371556159943114,8.34637454355764
0.689656896725009,0.240178596864131,8.34637454355764
0.678837599329761,0.264017337664633,8.34637454355764
0.670279787863645,0.29046306710336,8.34637454355764
0.412991199269472,0.28379025000178,8.34637454355764
0.71417313536035,0.238977094284866,8.34637454355764
0.241674409586798,0.66553083268063,8.34637454355764
0.23977000797159,0.285448429794093,8.34637454355764
0.386380862455876,0.284610784927536,8.34637454355764
0.359888476262563,0.286416050451055,8.86802295252999
0.511952546232578,0.282948515210968,8.86802295252999
0.331300484391232,0.289912228177283,8.86802295252999
0.345197232407524,0.3111121637557,8.86802295252999
0.380357983256309,0.351175720530835,8.86802295252999
0.396781144760523,0.366224601203553,8.86802295252999
0.372049053160562,0.37047590411685,8.86802295252999
0.712889533285557,0.641953837926783,8.86802295252999
0.5125,0.718541743770058,8.86802295252999
0.5375,0.718541743770058,8.86802295252999
0.55030523781625,0.69646954991625,8.86802295252999
0.716789097225351,0.411113373713499,8.86802295252999
0.694067158487241,0.398149039316413,8.86802295252999
0.714808264555539,0.384872888662413,8.86802295252999
0.713251378091451,0.358591825546028,8.86802295252999
0.308304620268096,0.28720798130863,8.86802295252999
0.289821452766632,0.305252600535057,8.86802295252999
0.487799123269722,0.283171983125247,8.86802295252999
0.499777354010425,0.305413472299339,8.86802295252999
0.487638349911816,0.717992272920786,8.86802295252999
0.500138349911816,0.696341637826175,8.86802295252999
0.674742288870235,0.561351652460921,8.86802295252999
0.674114352578881,0.535736789576551,8.86802295252999
0.537379239272615,0.674469347725271,8.86802295252999
0.562684477088865,0.674047788966074,8.86802295252999
0.28515871755487,0.613919484931764,8.86802295252999
0.286389433424635,0.640607370389027,8.86802295252999
0.311368111891777,0.655530121055329,8.86802295252999
0.65742259775993,0.311552599474524,8.86802295252999
0.612661946303038,0.327132618233267,8.86802295252999
0.585613622391504,0.324587064352739,8.86802295252999
0.291270464650522,0.329504291718605,8.86802295252999
0.695792026937293,0.499071972899468,8.86802295252999
0.585974239748361,0.485677601008229,8.86802295252999
0.562350494386857,0.471159841174812,8.86802295252999
0.581337436027443,0.456837442183042,8.86802295252999
0.711540529575286,0.694306359162906,8.86802295252999
0.70953693289664,0.670279787863644,8.86802295252999
0.351716954962126,0.475662412764911,8.86802295252999
0.328708924710043,0.487343023548176,8.86802295252999
0.631267246515239,0.413562290028128,8.86802295252999
0.612497942047316,0.404059385511613,8.86802295252999
0.634520370426364,0.392710432777499,8.86802295252999
0.673319721146795,0.510960301342379,8.86802295252999
0.67347651199135,0.486262000010586,8.86802295252999
0.586698569169242,0.67466883302567,8.86802295252999
0.612939054220329,0.672688000355858,8.86802295252999
0.693413201150291,0.712648433972338,8.86802295252999
0.40039556109245,0.306795451103715,8.86802295252999
0.67466883302567,0.413301430830757,8.86802295252999
0.438085083336734,0.673152132109957,8.86802295252999
0.562464980997663,0.630685540759052,8.86802295252999
0.538512992745192,0.628505137095702,8.86802295252999
0.551219495197625,0.607143091079659,8.86802295252999
0.688447400525476,0.65742259775993,8.86802295252999
0.674027907871547,0.462098134769036,8.86802295252999
0.67407749455915,0.437106061168949,8.86802295252999
0.284224520396448,0.587181010461593,8.86802295252999
0.306689972663868,0.599706443496173,8.86802295252999
0.462191369816492,0.627744348772803,8.86802295252999
0.487063473162264,0.627450751868488,8.86802295252999
0.328149718329256,0.535454617876613,8.86802295252999
0.328410696480737,0.55992312061526,8.86802295252999
0.326340096561492,0.583938947084866,8.86802295252999
0.327274293719914,0.610677421555038,8.86802295252999
0.416047986381158,0.326449666897748,8.86802295252999
0.389437649567562,0.327270201823505,8.86802295252999
0.284177616756104,0.437781530939137,8.86802295252999
0.364705557967601,0.331521504736802,8.86802295252999
0.427173995735682,0.650856070190794,8.86802295252999
0.32849167310104,0.511771982874102,8.86802295252999
0.669909851654915,0.710082489031131,8.86802295252999
0.656593122935616,0.688917436757109,8.86802295252999
0.284659194299439,0.412160735111603,8.86802295252999
0.307522949737286,0.399680726440601,8.86802295252999
0.710082489031132,0.330090148345085,8.86802295252999
0.68891743675711,0.343406877064384,8.86802295252999
0.439542694669382,0.328499091844621,8.86802295252999
0.428584783144494,0.34897384256441,8.86802295252999
0.630675908048719,0.43736692036632,8.86802295252999
0.628534089675097,0.460588899993428,8.86802295252999
0.607102999762569,0.44813322238935,8.86802295252999
0.512241416938808,0.328741766756045,8.86802295252999
0.488087993975953,0.328965234670324,8.86802295252999
0.629668769467403,0.535665486672952,8.86802295252999
0.631309934681353,0.559058903351266,8.86802295252999
0.608385235083735,0.547021085102376,8.86802295252999
0.637862189799999,0.669197813206275,8.86802295252999
0.666363867000943,0.666028924145956,8.86802295252999
0.573772570625608,0.652668630834691,8.86802295252999
0.586479073078041,0.631306584818648,8.86802295252999
0.651798837632937,0.522926816687669,8.86802295252999
0.512613567506372,0.673964401576922,8.86802295252999
0.463851711240144,0.328330103862451,8.86802295252999
0.476315774168527,0.351658398319156,8.86802295252999
0.348995017536783,0.570894098674125,8.86802295252999
0.378666514168701,0.647198117140991,8.86802295252999
0.3695031572699,0.627922659203305,8.86802295252999
0.394701706251361,0.630811794156876,8.86802295252999
0.651555602081049,0.473986463211947,8.86802295252999
0.666028924145956,0.333636132999058,9.38967136150235
0.351407572227812,0.523195637202008,9.38967136150235
0.376162414099113,0.511978732640351,9.38967136150235
0.375820459327329,0.535661367642861,9.38967136150235
0.330546067504765,0.635376950076882,9.38967136150235
0.334290009574251,0.664462153165866,9.38967136150235
0.350196191402389,0.619609453665575,9.38967136150235
0.415284581248445,0.627446775545212,9.38967136150235
0.438593513833965,0.628215593641445,9.38967136150235
0.435382356804179,0.580598516162739,9.38967136150235
0.409216237552998,0.586556818257808,9.38967136150235
0.417894495010448,0.562349035424684,9.38967136150235
0.637702974209095,0.330283532610141,9.38967136150235
0.621268272689065,0.3492161517578,9.38967136150235
0.566546048907935,0.581547659365714,9.38967136150235
0.58397350733173,0.562093162884555,9.38967136150235
0.592598941873891,0.58986899826185,9.38967136150235
0.622709798285655,0.649799487744704,9.38967136150235
0.672867381766734,0.612661946303038,9.38967136150235
0.675412935647261,0.585613622391504,9.38967136150235
0.653264115842048,0.571965274852424,9.38967136150235
0.652698336427767,0.426017967632206,9.38967136150235
0.370496266655209,0.396061211349548,9.38967136150235
0.524992806778987,0.651542640626746,9.38967136150235
0.628874138035318,0.510888998438779,9.38967136150235
0.329730838703717,0.416233819490382,9.38967136150235
0.352102350785148,0.429204730619926,9.38967136150235
0.669716467389859,0.637702974209095,9.38967136150235
0.6507838482422,0.621268272689064,9.38967136150235
0.535726193744714,0.326480948704657,9.38967136150235
0.524036833710242,0.350032711075642,9.38967136150235
0.536755167342566,0.371784106287938,9.38967136150235
0.51327039053666,0.374044924339326,9.38967136150235
0.450301955329256,0.604335054127221,9.38967136150235
0.458980212786706,0.580127271294097,9.38967136150235
0.558968056148419,0.368872746363284,9.38967136150235
0.548201612974837,0.392884959626968,9.38967136150235
0.583479254401065,0.433615462555933,9.38967136150235
0.564064096223315,0.41614664102597,9.38967136150235
0.58982965995844,0.407442421232278,9.38967136150235
0.595981977594556,0.612537280350726,9.38967136150235
0.6072895672225,0.634520370426365,9.38967136150235
0.513633753472576,0.585974992762045,9.38967136150235
0.528960307182887,0.5603795610481,9.38967136150235
0.542594060655464,0.579367255702364,9.38967136150235
0.561260805258074,0.325440392174403,9.38967136150235
0.571874427649578,0.34691856520259,9.38967136150235
0.362566176113452,0.667608020265137,9.38967136150235
0.487757181374179,0.376578749589453,9.38967136150235
0.463520898638369,0.375943618781579,9.38967136150235
0.627982693794899,0.484752765234978,9.38967136150235
0.631030183276782,0.367787297197829,9.38967136150235
0.605989155370725,0.364636382820955,9.38967136150235
0.422568469301836,0.436300901982432,9.38967136150235
0.415736843184145,0.409471708010767,9.38967136150235
0.438450746440574,0.418581846110173,9.38967136150235
0.406121224349644,0.608171317607527,9.38967136150235
0.366231383485049,0.603223130681461,9.38967136150235
0.399698100115331,0.450996260393376,9.38967136150235
0.42241200337176,0.460106398492783,9.38967136150235
0.500475515006503,0.398330144801749,9.38967136150235
0.375613008554955,0.463306790117026,9.38967136150235
0.375645580592426,0.487157379551612,9.38967136150235
0.605852625629366,0.49749143522026,9.38967136150235
0.400058467691942,0.499623109992466,9.38967136150235
0.396151838478948,0.546375900300479,9.38967136150235
0.371396996607647,0.557592804862136,9.38967136150235
0.453290713083452,0.396308311095192,9.38967136150235
0.4418493058778,0.371387959824896,9.38967136150235
0.394163390355092,0.406357774336297,9.38967136150235
0.376187442345523,0.416894200896276,9.38967136150235
0.375769474485031,0.439501293606676,9.38967136150235
0.513747320978949,0.628000190947353,9.38967136150235
0.419077743703038,0.512954326554176,9.38967136150235
0.440820400234538,0.528927461678381,9.38967136150235
0.42231795773013,0.54041759820541,9.38967136150235
0.509907258067335,0.543200083090824,9.38967136150235
0.538867565250223,0.536592346031143,9.38967136150235
0.41856091019635,0.488132973465438,9.38967136150235
0.441431279382856,0.473437615054493,9.38967136150235
0.487992070395462,0.419862384870042,9.38967136150235
0.473152103752584,0.442135919885023,9.38967136150235
0.460122339201144,0.423137505066857,9.38967136150235
0.500583659128468,0.604413248337444,9.38967136150235
0.586865683988779,0.511813834212031,9.38967136150235
0.58233234211778,0.538699746206241,9.38967136150235
0.562453956236774,0.526885911994209,9.38967136150235
0.63221270280217,0.631030183276782,9.38967136150235
0.635363617179045,0.605989155370725,9.38967136150235
0.513505279557943,0.417328559619915,9.38967136150235
0.546627088773929,0.488348892729483,9.38967136150235
0.543400907121223,0.509706434036933,9.38967136150235
0.523040697787377,0.498055326766416,9.38967136150235
0.486949905655891,0.58542555368318,9.38967136150235
0.529367762806421,0.440590241018917,9.38967136150235
0.541990285053011,0.459508733904295,9.38967136150235
0.513644357193492,0.457779292573587,9.38967136150235
0.541851207417462,0.419058000950624,9.38967136150235
0.472030307130815,0.561689015718698,9.38967136150235
0.460408477443996,0.541168886987786,9.38967136150235
0.488378170313181,0.546467169376869,9.9113197704747
0.593082783869566,0.386590563981649,9.9113197704747
0.61340943601835,0.593082783869566,9.9113197704747
0.41004566749383,0.388638718464039,9.9113197704747
0.388633362555913,0.589921836869472,9.9113197704747
0.500760000387378,0.50057777593404,9.9113197704747
0.503986182040083,0.47922023462659,9.9113197704747
0.491363659793493,0.460301741741211,9.9113197704747
0.498285428380517,0.522679954359912,9.9113197704747
0.457168263416904,0.513705615336553,9.9113197704747
0.479230912633223,0.503844862220086,9.9113197704747
0.463493928599175,0.463576861938026,9.9113197704747
0.459642835423765,0.491603436910681,9.9113197704747
0.369326396688402,0.581608631331742,9.9113197704747
0.418354597589576,0.369338534878024,9.9113197704747
0.583320873281849,0.36801941854162,9.9113197704747
0.631980581458379,0.583320873281849,9.9113197704747
